City_ID,Year,Month,Month created (num),County,Acres Burned Avg,Acres Burned Tot,Fire Duration Avg (days),Incident Count Tot
3,2013,April,4,Madera,274.0,274.0,1.0,1
4,2013,April,4,Napa,75.0,75.0,1.0,1
5,2013,April,4,San Bernardino,30.0,30.0,2.0,1
6,2013,August,8,Butte,812.0,2436.0,3.3333333333333335,3
7,2013,August,8,Calaveras,46.0,46.0,2.0,1
8,2013,August,8,El Dorado,77.0,154.0,0.0,2
9,2013,August,8,Humboldt,6251.5,12503.0,1.0,2
10,2013,August,8,Kern,794.0,794.0,6.0,1
11,2013,August,8,Lake,54.0,108.0,1.0,2
12,2013,August,8,Lassen,97.0,97.0,3.0,1
13,2013,August,8,Nevada,52.0,52.0,0.0,1
14,2013,August,8,Placer,27440.0,27440.0,20.0,1
15,2013,August,8,Plumas,513.0,513.0,7.0,1
16,2013,August,8,Riverside,4367.0,21835.0,2.2,5
17,2013,August,8,San Bernardino,215.75,863.0,3.0,4
18,2013,August,8,Shasta,111.5,223.0,2.0,2
19,2013,August,8,Siskiyou,50.0,50.0,0.0,1
20,2013,August,8,Tehama,11429.0,11429.0,6.0,1
21,2013,August,8,Tulare,2060.0,2060.0,31.0,1
22,2013,August,8,Tuolumne,129192.0,258384.0,14.5,2
23,2013,December,12,Santa Clara,40.0,40.0,0.0,1
24,2013,February,2,Inyo,407.0,407.0,4.0,1
25,2013,July,7,Alameda,44.0,88.0,0.0,2
26,2013,July,7,Calaveras,31.0,31.0,1.0,1
27,2013,July,7,Contra Costa,383.0,766.0,0.0,2
28,2013,July,7,El Dorado,326.75,653.5,1.5,2
29,2013,July,7,Fresno,22992.0,22992.0,64.0,1
30,2013,July,7,Kern,556.0,1112.0,2.5,2
31,2013,July,7,Mendocino,45.0,45.0,0.0,1
32,2013,July,7,Modoc,502.0,502.0,2.0,1
33,2013,July,7,Riverside,6934.0,27736.0,4.25,4
34,2013,July,7,Sacramento,81.5,81.5,0.0,1
35,2013,July,7,San Bernardino,75.0,75.0,1.0,1
36,2013,July,7,San Diego,3540.0,7080.0,4.5,2
37,2013,July,7,San Luis Obispo,85.0,85.0,0.0,1
38,2013,July,7,Santa Clara,50.0,50.0,0.0,1
39,2013,July,7,Shasta,43.0,43.0,0.0,1
40,2013,July,7,Siskiyou,14754.0,14754.0,31.0,1
41,2013,July,7,Sonoma,158.0,158.0,0.0,1
42,2013,July,7,Stanislaus,150.0,150.0,1.0,1
43,2013,July,7,Tehama,197.5,395.0,0.0,2
44,2013,July,7,Yuba,73.0,73.0,0.0,1
45,2013,June,6,Alameda,240.0,240.0,0.0,1
46,2013,June,6,Amador,96.0,96.0,1.0,1
47,2013,June,6,Butte,298.0,298.0,0.0,1
48,2013,June,6,Colusa,7.0,7.0,4.0,1
49,2013,June,6,Fresno,84.75,339.0,0.5,4
50,2013,June,6,Lake,20.666666666666668,62.0,1.6666666666666667,3
51,2013,June,6,Madera,277.5,555.0,2.0,2
52,2013,June,6,Mariposa,1708.0,1708.0,10.0,1
53,2013,June,6,Merced,124.0,124.0,1.0,1
54,2013,June,6,Monterey,105.0,105.0,0.0,1
55,2013,June,6,Placer,237.0,237.0,0.0,1
56,2013,June,6,Riverside,27.333333333333332,82.0,0.3333333333333333,3
57,2013,June,6,San Bernardino,534.0,534.0,3.0,1
58,2013,June,6,San Luis Obispo,500.0,500.0,2.0,1
59,2013,June,6,Solano,65.5,131.0,2.0,2
60,2013,June,6,Sonoma,7.0,7.0,4.0,1
61,2013,June,6,Tuolumne,100.0,100.0,0.0,1
62,2013,May,5,Glenn,217.0,217.0,4.0,1
63,2013,May,5,Kern,2173.0,2173.0,6.0,1
64,2013,May,5,Los Angeles,10378.333333333334,31135.0,3.6666666666666665,3
65,2013,May,5,Madera,91.0,91.0,1.0,1
66,2013,May,5,Riverside,647.5,3885.0,0.8333333333333334,6
67,2013,May,5,San Benito,354.0,354.0,0.0,1
68,2013,May,5,San Bernardino,75.0,75.0,2.0,1
69,2013,May,5,San Diego,1750.0,5250.0,3.0,3
70,2013,May,5,San Joaquin,303.0,303.0,0.0,1
71,2013,May,5,San Luis Obispo,42.5,85.0,0.0,2
72,2013,May,5,Santa Barbara,1077.0,2154.0,2.0,2
73,2013,May,5,Sonoma,125.0,125.0,2.0,1
74,2013,May,5,Tehama,6896.0,6896.0,8.0,1
75,2013,May,5,Ventura,2173.0,2173.0,6.0,1
76,2013,November,11,Lake,64.33333333333333,193.0,1.3333333333333333,3
77,2013,November,11,Mendocino,82.0,82.0,0.0,1
78,2013,November,11,Napa,190.0,190.0,2.0,1
79,2013,November,11,San Luis Obispo,51.0,51.0,1.0,1
80,2013,November,11,Shasta,33.0,33.0,0.0,1
81,2013,November,11,Sonoma,3505.0,3505.0,5.0,1
82,2013,November,11,Ventura,64.0,64.0,1.0,1
83,2013,November,11,Yolo,163.0,163.0,0.0,1
84,2013,October,10,Butte,305.0,305.0,1.0,1
85,2013,October,10,Napa,376.0,376.0,1.0,1
86,2013,October,10,Orange,40.0,40.0,3.0,1
87,2013,October,10,San Diego,2236.0,2236.0,4.0,1
88,2013,October,10,Sonoma,159.0,159.0,1.0,1
89,2013,September,9,Contra Costa,3111.0,3111.0,6.0,1
90,2013,September,9,Lake,30.0,30.0,0.0,1
91,2013,September,9,Los Angeles,268.0,268.0,5.0,1
92,2013,September,9,Mendocino,98.0,98.0,1.0,1
93,2013,September,9,Modoc,82.5,165.0,10.5,2
94,2013,September,9,San Bernardino,136.5,273.0,3.5,2
95,2013,September,9,San Diego,263.0,263.0,3.0,1
96,2013,September,9,San Luis Obispo,94.0,94.0,0.0,1
97,2013,September,9,San Mateo,41.0,41.0,0.0,1
98,2013,September,9,Shasta,8073.0,8073.0,6.0,1
99,2013,September,9,Tulare,134.0,134.0,16.0,1
100,2014,April,4,Inyo,113.0,113.0,2.0,1
101,2014,April,4,Monterey,75.0,75.0,1.0,1
102,2014,April,4,San Bernardino,2143.0,2143.0,5.0,1
103,2014,August,8,Kern,4045.0,4045.0,9.0,1
104,2014,August,8,Los Angeles,232.0,464.0,118.5,2
105,2014,August,8,Madera,311.0,622.0,57.5,2
106,2014,August,8,Modoc,101.0,101.0,1.0,1
107,2014,August,8,Nevada,84.0,84.0,1.0,1
108,2014,August,8,San Diego,20.0,20.0,1.0,1
109,2014,August,8,Shasta,25.0,25.0,0.0,1
110,2014,August,8,Siskiyou,0.0,0.0,3.0,1
111,2014,August,8,Trinity,461.0,461.0,4.0,1
112,2014,January,1,Fresno,106.0,106.0,1.0,1
113,2014,January,1,Humboldt,333.0,333.0,4.0,1
114,2014,January,1,Los Angeles,1952.0,1952.0,11.0,1
115,2014,January,1,Tehama,865.0,865.0,8.0,1
116,2014,July,7,Amador,2120.0,2120.0,8.0,1
117,2014,July,7,Butte,72.0,72.0,2.0,1
118,2014,July,7,Contra Costa,80.0,80.0,1.0,1
119,2014,July,7,El Dorado,1075.0,2150.0,4.0,2
120,2014,July,7,Kern,1680.0,1680.0,10.0,1
121,2014,July,7,Lake,2150.0,2150.0,8.0,1
122,2014,July,7,Modoc,5424.333333333333,16273.0,6.666666666666667,3
123,2014,July,7,Napa,2150.0,2150.0,8.0,1
124,2014,July,7,Nevada,38.0,38.0,1.0,1
125,2014,July,7,San Diego,217.0,217.0,3.0,1
126,2014,July,7,San Luis Obispo,47.0,47.0,1.0,1
127,2014,July,7,Shasta,15214.833333333334,91289.0,27.833333333333332,6
128,2014,July,7,Siskiyou,20402.5,40805.0,18.5,2
129,2014,July,7,Trinity,15.0,15.0,2.0,1
130,2014,July,7,Yolo,6488.0,6488.0,8.0,1
131,2014,June,6,Calaveras,102.5,205.0,1.5,2
132,2014,June,6,Fresno,32.5,65.0,2.0,2
133,2014,June,6,Kern,3895.0,3895.0,7.0,1
134,2014,June,6,Mariposa,130.0,130.0,3.0,1
135,2014,June,6,Solano,70.0,70.0,1.0,1
136,2014,June,6,Tehama,225.0,225.0,0.0,1
137,2014,June,6,Tuolumne,335.5,671.0,1.0,2
138,2014,March,3,Monterey,400.0,400.0,2.0,1
139,2014,March,3,Riverside,57.0,57.0,1.0,1
140,2014,March,3,San Diego,125.0,125.0,3.0,1
141,2014,May,5,Lake,175.0,175.0,1.0,1
142,2014,May,5,San Diego,1625.142857142857,11376.0,3.7142857142857144,7
143,2014,May,5,Santa Barbara,632.0,632.0,6.0,1
144,2014,May,5,Shasta,50.0,50.0,1.0,1
145,2014,October,10,Mariposa,311.0,311.0,5.0,1
146,2014,October,10,San Bernardino,48.0,48.0,1.0,1
147,2014,September,9,El Dorado,32610.333333333332,97831.0,9.666666666666666,3
148,2014,September,9,Humboldt,210.0,210.0,3.0,1
149,2014,September,9,Madera,320.0,320.0,8.0,1
150,2014,September,9,Napa,27.0,27.0,4.0,1
151,2014,September,9,Nevada,247.0,247.0,5.0,1
152,2014,September,9,Orange,968.0,968.0,10.0,1
153,2014,September,9,Shasta,1375.0,1375.0,6.0,1
154,2014,September,9,Siskiyou,516.0,516.0,26.0,1
155,2014,September,9,Tuolumne,70.0,70.0,1.0,1
156,2015,April,4,Plumas,137.0,137.0,5.0,1
157,2015,April,4,Riverside,1049.0,1049.0,6.0,1
158,2015,August,8,Alameda,2850.0,2850.0,3.0,1
159,2015,August,8,Calaveras,114.0,114.0,5.0,1
160,2015,August,8,Humboldt,146.0,146.0,11.0,1
161,2015,August,8,Lake,4265.333333333333,12796.0,7.333333333333333,3
162,2015,August,8,Lassen,5300.0,10600.0,1.0,2
163,2015,August,8,Napa,12559.0,12559.0,16.0,1
164,2015,August,8,Riverside,500.0,500.0,5.0,1
165,2015,August,8,San Bernardino,55.0,55.0,19.0,1
166,2015,August,8,San Diego,55.0,55.0,1.0,1
167,2015,August,8,San Luis Obispo,2446.0,2446.0,12.0,1
168,2015,August,8,Santa Barbara,52.0,52.0,2.0,1
169,2015,August,8,Shasta,67.0,134.0,1.5,2
170,2015,August,8,Tehama,110.0,110.0,1.0,1
171,2015,August,8,Trinity,128.0,128.0,4.0,1
172,2015,August,8,Tuolumne,112.0,112.0,1.0,1
173,2015,August,8,Yuba,30.0,30.0,2.0,1
174,2015,February,2,Siskiyou,200.0,200.0,6.0,1
175,2015,July,7,Butte,400.0,400.0,5.0,1
176,2015,July,7,Contra Costa,195.0,195.0,0.0,1
177,2015,July,7,El Dorado,75.0,75.0,6.0,1
178,2015,July,7,Fresno,151623.0,151623.0,101.0,1
179,2015,July,7,Humboldt,87.0,174.0,5.5,2
180,2015,July,7,Lake,69636.0,69636.0,16.0,1
181,2015,July,7,Los Angeles,200.0,200.0,18.0,1
182,2015,July,7,Madera,5702.0,5702.0,19.0,1
183,2015,July,7,Mendocino,36.5,73.0,2.5,2
184,2015,July,7,Modoc,1685.3333333333333,5056.0,2.0,3
185,2015,July,7,Napa,8051.0,8051.0,14.0,1
186,2015,July,7,Nevada,2304.0,2304.0,18.0,1
187,2015,July,7,Orange,214.0,214.0,2.0,1
188,2015,July,7,Placer,26.0,26.0,0.0,1
189,2015,July,7,Riverside,21.0,21.0,0.0,1
190,2015,July,7,San Benito,25.0,25.0,0.0,1
191,2015,July,7,San Bernardino,2152.0,4304.0,6.5,2
192,2015,July,7,San Diego,72.33333333333333,217.0,1.3333333333333333,3
193,2015,July,7,San Luis Obispo,95.0,95.0,5.0,1
194,2015,July,7,Shasta,98.75,395.0,1.75,4
195,2015,July,7,Siskiyou,102.5,205.0,1.0,2
196,2015,July,7,Solano,95.0,190.0,1.0,2
197,2015,July,7,Stanislaus,40.0,40.0,0.0,1
198,2015,July,7,Tehama,170.0,170.0,0.0,1
199,2015,July,7,Tulare,2498.6666666666665,7496.0,19.666666666666668,3
200,2015,July,7,Tuolumne,204.0,204.0,6.0,1
201,2015,June,6,Alpine,0.0,0.0,3.0,1
202,2015,June,6,Amador,60.0,60.0,1.0,1
203,2015,June,6,Humboldt,20.0,20.0,1.0,1
204,2015,June,6,Kern,67.0,67.0,0.0,1
205,2015,June,6,Lassen,60.0,60.0,1.0,1
206,2015,June,6,Los Angeles,415.0,415.0,2.0,1
207,2015,June,6,Madera,527.5,1055.0,4.5,2
208,2015,June,6,Mendocino,35.0,35.0,1.0,1
209,2015,June,6,Napa,28.5,57.0,1.0,2
210,2015,June,6,San Bernardino,15729.5,31459.0,24.5,2
211,2015,June,6,San Diego,125.5,251.0,1.0,2
212,2015,June,6,Tehama,55.0,55.0,0.0,1
213,2015,June,6,Trinity,1542.0,1542.0,19.0,1
214,2015,June,6,Yuba,158.0,158.0,4.0,1
215,2015,May,5,Merced,692.0,692.0,0.0,1
216,2015,November,11,Ventura,50.0,50.0,0.0,1
217,2015,October,10,Butte,104.0,104.0,0.0,1
218,2015,October,10,San Benito,690.0,690.0,4.0,1
219,2015,October,10,Santa Barbara,21.0,21.0,11.0,1
220,2015,September,9,Butte,23993.333333333332,71980.0,14.333333333333334,3
221,2015,September,9,Fresno,170.0,170.0,2.0,1
222,2015,September,9,Lake,673.0,673.0,6.0,1
223,2015,September,9,Lassen,40.0,40.0,1.0,1
224,2015,September,9,Monterey,590.5,1181.0,5.0,2
225,2015,September,9,Nevada,30.0,30.0,1.0,1
226,2015,September,9,Shasta,109.0,109.0,2.0,1
227,2015,September,9,Trinity,35.0,35.0,2.0,1
228,2015,September,9,Tuolumne,108.0,108.0,7.0,1
229,2016,April,4,Los Angeles,0.0,0.0,0.0,1
230,2016,April,4,Merced,30.0,30.0,0.0,1
231,2016,August,8,Alpine,0.0,0.0,12.0,1
232,2016,August,8,Amador,26.0,26.0,1.0,1
233,2016,August,8,Butte,304.0,608.0,2.5,2
234,2016,August,8,Calaveras,450.0,450.0,3.0,1
235,2016,August,8,Fresno,7050.0,7050.0,10.0,1
236,2016,August,8,Humboldt,214.33333333333334,643.0,8.333333333333334,3
237,2016,August,8,Kern,7581.5,30326.0,13.0,4
238,2016,August,8,Lake,1007.5,4030.0,4.0,4
239,2016,August,8,Madera,85.0,85.0,2.0,1
240,2016,August,8,Mendocino,36.0,36.0,1.0,1
241,2016,August,8,Orange,150.0,150.0,5.0,1
242,2016,August,8,San Bernardino,22192.0,44384.0,8.0,2
243,2016,August,8,San Diego,35.0,35.0,1.0,1
244,2016,August,8,San Joaquin,147.0,147.0,0.0,1
245,2016,August,8,San Luis Obispo,46235.0,46235.0,24.0,1
246,2016,August,8,Santa Clara,25.0,25.0,2.0,1
247,2016,August,8,Shasta,35.0,35.0,1.0,1
248,2016,August,8,Siskiyou,17288.5,34577.0,3.5,2
249,2016,August,8,Tehama,80.0,80.0,1.0,1
250,2016,August,8,Tulare,395.0,395.0,78.0,1
251,2016,August,8,Yolo,5731.0,5731.0,10.0,1
252,2016,August,8,Yuba,389.0,389.0,0.0,1
253,2016,July,7,Calaveras,185.75,743.0,3.0,4
254,2016,July,7,Contra Costa,40.0,40.0,0.0,1
255,2016,July,7,El Dorado,50.0,50.0,1.0,1
256,2016,July,7,Fresno,1128.2,5641.0,4.0,5
257,2016,July,7,Inyo,30.0,30.0,1.0,1
258,2016,July,7,Kern,674.5,2698.0,2.75,4
259,2016,July,7,Lake,69.0,69.0,3.0,1
260,2016,July,7,Los Angeles,1100.0,1100.0,7.0,1
261,2016,July,7,Madera,70.5,141.0,2.0,2
262,2016,July,7,Monterey,66113.5,132227.0,42.0,2
263,2016,July,7,Sacramento,87.0,87.0,1.0,1
264,2016,July,7,San Benito,95.0,95.0,1.0,1
265,2016,July,7,San Diego,457.6666666666667,1373.0,4.333333333333333,3
266,2016,July,7,Santa Clara,114.0,114.0,1.0,1
267,2016,July,7,Shasta,303.0,303.0,4.0,1
268,2016,July,7,Siskiyou,24.5,49.0,1.0,2
269,2016,July,7,Solano,57.0,57.0,0.0,1
270,2016,July,7,Tehama,88.0,88.0,0.0,1
271,2016,July,7,Tuolumne,32.0,32.0,2.0,1
272,2016,July,7,Ventura,46.0,138.0,1.0,3
273,2016,July,7,Yolo,84.0,84.0,0.0,1
274,2016,June,6,Alameda,211.0,211.0,1.0,1
275,2016,June,6,Amador,291.0,582.0,2.5,2
276,2016,June,6,Butte,80.5,161.0,0.0,2
277,2016,June,6,Calaveras,33.0,33.0,3.0,1
278,2016,June,6,El Dorado,1423.75,2847.5,10.5,2
279,2016,June,6,Kern,24040.0,48080.0,9.5,2
280,2016,June,6,Lake,215.0,215.0,2.0,1
281,2016,June,6,Merced,1246.0,1246.0,1.0,1
282,2016,June,6,Mono,650.0,650.0,14.0,1
283,2016,June,6,Monterey,880.6666666666666,2642.0,6.333333333333333,3
284,2016,June,6,Orange,47.0,47.0,3.0,1
285,2016,June,6,Placer,1455.25,2910.5,10.0,2
286,2016,June,6,Riverside,139.0,139.0,3.0,1
287,2016,June,6,Sacramento,32.0,32.0,0.0,1
288,2016,June,6,San Benito,56.5,113.0,0.0,2
289,2016,June,6,San Diego,7609.0,7609.0,11.0,1
290,2016,June,6,San Luis Obispo,43.0,86.0,8.5,2
291,2016,June,6,Santa Barbara,7474.0,7474.0,27.0,1
292,2016,June,6,Shasta,24.0,24.0,1.0,1
293,2016,June,6,Siskiyou,2860.0,2860.0,154.0,1
294,2016,June,6,Stanislaus,120.0,120.0,2.0,1
295,2016,June,6,Tehama,195.66666666666666,587.0,1.3333333333333333,3
296,2016,June,6,Tulare,0.0,0.0,18.0,1
297,2016,June,6,Ventura,2304.0,2304.0,0.0,1
298,2016,June,6,Yolo,277.0,277.0,1.0,1
299,2016,May,5,Butte,60.5,121.0,0.0,2
300,2016,May,5,Fresno,205.0,410.0,1.0,2
301,2016,May,5,Los Angeles,156.0,156.0,2.0,1
302,2016,May,5,Monterey,1950.5,3901.0,1.5,2
303,2016,May,5,Placer,169.0,169.0,2.0,1
304,2016,May,5,San Diego,70.0,70.0,7.0,1
305,2016,May,5,San Luis Obispo,150.0,150.0,0.0,1
306,2016,May,5,Tuolumne,85.0,85.0,2.0,1
307,2016,November,11,Los Angeles,4824.0,4824.0,0.0,1
308,2016,November,11,San Diego,28.0,28.0,1.0,1
309,2016,October,10,El Dorado,176.0,176.0,3.0,1
310,2016,October,10,Fresno,2100.0,2100.0,9.0,1
311,2016,October,10,Napa,65.0,65.0,2.0,1
312,2016,October,10,Tulare,2178.5,4357.0,55.5,2
313,2016,September,9,Amador,45.0,45.0,2.0,1
314,2016,September,9,Butte,320.0,960.0,3.6666666666666665,3
315,2016,September,9,Del Norte,150.0,150.0,4.0,1
316,2016,September,9,Fresno,114.0,228.0,2.0,2
317,2016,September,9,Inyo,5443.0,5443.0,1.0,1
318,2016,September,9,Lassen,2575.0,2575.0,11.0,1
319,2016,September,9,Mendocino,50.0,50.0,5.0,1
320,2016,September,9,Modoc,1516.0,3032.0,14.5,2
321,2016,September,9,Nevada,42.5,85.0,2.0,2
322,2016,September,9,Plumas,248.0,248.0,10.0,1
323,2016,September,9,Sacramento,40.0,40.0,1.0,1
324,2016,September,9,San Bernardino,35.0,70.0,1.5,2
325,2016,September,9,Santa Barbara,6366.5,12733.0,7.5,2
326,2016,September,9,Santa Clara,2249.5,4499.0,179.5,2
327,2016,September,9,Shasta,87.5,175.0,1.0,2
328,2016,September,9,Siskiyou,32.0,32.0,1.0,1
329,2016,September,9,Sonoma,1547.0,1547.0,4.0,1
330,2016,September,9,Sutter,300.0,300.0,0.0,1
331,2016,September,9,Tehama,321.0,321.0,0.0,1
332,2016,September,9,Tuolumne,1080.0,1080.0,8.0,1
333,2017,April,4,Fresno,1802.6666666666667,5408.0,258.3333333333333,3
334,2017,April,4,Modoc,380.0,380.0,281.0,1
335,2017,April,4,Monterey,10.0,10.0,260.0,1
336,2017,April,4,Riverside,459.0,1377.0,259.6666666666667,3
337,2017,April,4,San Bernardino,150.0,150.0,254.0,1
338,2017,April,4,Shasta,45.0,45.0,281.0,1
339,2017,August,8,Alameda,122.0,244.0,137.5,2
340,2017,August,8,Amador,10.0,10.0,134.0,1
341,2017,August,8,Butte,4016.0,4016.0,366.0,1
342,2017,August,8,Fresno,78.25,313.0,135.5,4
343,2017,August,8,Humboldt,41.6,208.0,148.8,5
344,2017,August,8,Kern,194.0,388.0,154.5,2
345,2017,August,8,Kings,2312.0,2312.0,138.0,1
346,2017,August,8,Lake,62.0,62.0,154.0,1
347,2017,August,8,Lassen,5241.2,26206.0,142.6,5
348,2017,August,8,Los Angeles,20.0,40.0,181.0,2
349,2017,August,8,Madera,12407.0,12407.0,133.0,1
350,2017,August,8,Mariposa,5073.0,15219.0,152.66666666666666,3
351,2017,August,8,Modoc,2584.0,7752.0,141.0,3
352,2017,August,8,Mono,8925.0,8925.0,133.0,1
353,2017,August,8,Monterey,82.0,82.0,155.0,1
354,2017,August,8,Napa,114.0,114.0,151.0,1
355,2017,August,8,Nevada,392.0,392.0,132.0,1
356,2017,August,8,Plumas,603.0,1206.0,149.0,2
357,2017,August,8,Riverside,329.0,2632.0,146.0,8
358,2017,August,8,San Bernardino,325.0,325.0,159.0,1
359,2017,August,8,San Diego,131.0,262.0,138.5,2
360,2017,August,8,San Luis Obispo,435.0,1305.0,157.0,3
361,2017,August,8,Santa Clara,100.0,100.0,151.0,1
362,2017,August,8,Shasta,17.0,17.0,145.0,1
363,2017,August,8,Siskiyou,17394.14285714286,121759.0,142.85714285714286,7
364,2017,August,8,Sonoma,18.0,18.0,135.0,1
365,2017,August,8,Tehama,27.5,55.0,144.0,2
366,2017,August,8,Trinity,6661.5,26646.0,151.75,4
367,2017,August,8,Tulare,19425.5,38851.0,146.5,2
368,2017,August,8,Tuolumne,20.0,20.0,161.0,1
369,2017,August,8,Yuba,867.0,867.0,142.0,1
370,2017,December,12,El Dorado,80.0,80.0,12.0,1
371,2017,December,12,Los Angeles,7363.333333333333,22090.0,112.0,3
372,2017,December,12,Riverside,101.0,404.0,28.75,4
373,2017,December,12,San Bernardino,147.0,294.0,35.0,2
374,2017,December,12,San Diego,4088.0,4088.0,33.0,1
375,2017,December,12,Santa Barbara,46991.5,140974.5,29.666666666666668,3
376,2017,December,12,Ventura,140946.5,140946.5,39.0,1
377,2017,February,2,Butte,0.0,0.0,336.0,1
378,2017,July,7,Butte,1057.3333333333333,6344.0,199.5,6
379,2017,July,7,Calaveras,66.0,198.0,181.66666666666666,3
380,2017,July,7,Colusa,70.0,70.0,176.0,1
381,2017,July,7,Contra Costa,300.5,601.0,185.0,2
382,2017,July,7,Del Norte,319.0,319.0,174.0,1
383,2017,July,7,El Dorado,95.2,476.0,172.8,5
384,2017,July,7,Fresno,839.75,3359.0,186.0,4
385,2017,July,7,Glenn,0.0,0.0,174.0,1
386,2017,July,7,Kern,1749.75,6999.0,177.75,4
387,2017,July,7,Kings,48660.0,48660.0,184.0,1
388,2017,July,7,Lake,40.0,40.0,176.0,1
389,2017,July,7,Lassen,41866.5,83733.0,184.5,2
390,2017,July,7,Los Angeles,135.0,135.0,165.0,1
391,2017,July,7,Madera,90.0,90.0,186.0,1
392,2017,July,7,Marin,35.0,35.0,181.0,1
393,2017,July,7,Mariposa,27362.333333333332,82087.0,184.66666666666666,3
394,2017,July,7,Mendocino,460.0,920.0,176.5,2
395,2017,July,7,Modoc,141.66666666666666,425.0,175.33333333333334,3
396,2017,July,7,Monterey,474.0,948.0,181.0,2
397,2017,July,7,Nevada,11.666666666666666,35.0,176.33333333333334,3
398,2017,July,7,Plumas,4310.0,4310.0,164.0,1
399,2017,July,7,Riverside,62.583333333333336,751.0,182.25,12
400,2017,July,7,Sacramento,1268.0,1268.0,167.0,1
401,2017,July,7,San Benito,34.0,34.0,189.0,1
402,2017,July,7,San Bernardino,121.0,968.0,187.75,8
403,2017,July,7,San Diego,327.5,655.0,223.0,2
404,2017,July,7,San Luis Obispo,5031.666666666667,30190.0,180.66666666666666,6
405,2017,July,7,Santa Barbara,9240.0,18480.0,180.5,2
406,2017,July,7,Santa Clara,75.0,300.0,175.5,4
407,2017,July,7,Shasta,83.75,335.0,177.25,4
408,2017,July,7,Sierra,747.0,747.0,183.0,1
409,2017,July,7,Siskiyou,5585.4,27927.0,175.2,5
410,2017,July,7,Sonoma,11.0,11.0,162.0,1
411,2017,July,7,Stanislaus,1776.0,5328.0,174.0,3
412,2017,July,7,Tehama,43.0,86.0,175.0,2
413,2017,July,7,Tulare,568.6,2843.0,175.0,5
414,2017,July,7,Tuolumne,399.5,799.0,163.5,2
415,2017,July,7,Ventura,50.0,50.0,189.0,1
416,2017,July,7,Yolo,1700.0,1700.0,187.0,1
417,2017,July,7,Yuba,44.5,89.0,177.0,2
418,2017,June,6,Butte,89.25,357.0,206.5,4
419,2017,June,6,Contra Costa,20.0,20.0,218.0,1
420,2017,June,6,Del Norte,28.0,28.0,197.0,1
421,2017,June,6,Fresno,267.25,1069.0,209.0,4
422,2017,June,6,Kern,431.7142857142857,3022.0,211.85714285714286,7
423,2017,June,6,Lassen,67.0,67.0,219.0,1
424,2017,June,6,Los Angeles,346.2,1731.0,202.4,5
425,2017,June,6,Madera,533.0,1599.0,211.33333333333334,3
426,2017,June,6,Marin,38.0,38.0,196.0,1
427,2017,June,6,Mariposa,310.5,621.0,201.5,2
428,2017,June,6,Modoc,302.0,604.0,207.5,2
429,2017,June,6,Monterey,27.0,135.0,204.4,5
430,2017,June,6,Napa,22.0,22.0,210.0,1
431,2017,June,6,Riverside,563.0833333333334,6757.0,209.66666666666666,12
432,2017,June,6,Sacramento,51.5,103.0,209.0,2
433,2017,June,6,San Bernardino,1086.5,2173.0,200.0,2
434,2017,June,6,San Diego,27.75,111.0,199.75,4
435,2017,June,6,San Luis Obispo,888.0,1776.0,203.0,2
436,2017,June,6,Santa Clara,69.5,139.0,198.0,2
437,2017,June,6,Sierra,168.0,168.0,204.0,1
438,2017,June,6,Siskiyou,30.25,121.0,204.25,4
439,2017,June,6,Solano,39.0,39.0,201.0,1
440,2017,June,6,Stanislaus,65.0,65.0,202.0,1
441,2017,June,6,Tehama,60.0,180.0,207.66666666666666,3
442,2017,June,6,Tulare,158.0,474.0,208.66666666666666,3
443,2017,June,6,Tuolumne,38.0,38.0,212.0,1
444,2017,May,5,Calaveras,15.0,15.0,226.0,1
445,2017,May,5,Fresno,2100.8,10504.0,233.4,5
446,2017,May,5,Kern,149.16666666666666,895.0,239.0,6
447,2017,May,5,Kings,20.0,20.0,236.0,1
448,2017,May,5,Madera,150.0,150.0,237.0,1
449,2017,May,5,Merced,1733.0,1733.0,242.0,1
450,2017,May,5,Monterey,18.333333333333332,55.0,238.33333333333334,3
451,2017,May,5,Riverside,40.666666666666664,244.0,232.5,6
452,2017,May,5,San Benito,21.0,21.0,232.0,1
453,2017,May,5,San Bernardino,16.0,16.0,225.0,1
454,2017,May,5,San Diego,891.75,3567.0,232.0,4
455,2017,May,5,San Luis Obispo,101.5,609.0,240.5,6
456,2017,May,5,Santa Barbara,190.0,190.0,234.0,1
457,2017,May,5,Tulare,79.0,79.0,223.0,1
458,2017,May,5,Yuba,10.0,10.0,225.0,1
459,2017,November,11,Mono,370.0,370.0,57.0,1
460,2017,November,11,Riverside,40.0,40.0,56.0,1
461,2017,November,11,San Benito,47.0,47.0,45.0,1
462,2017,November,11,San Bernardino,99.0,99.0,41.0,1
463,2017,November,11,Tehama,43.0,43.0,68.0,1
464,2017,October,10,Alameda,116.0,116.0,84.0,1
465,2017,October,10,Butte,4933.666666666667,14801.0,113.0,3
466,2017,October,10,Calaveras,130.0,130.0,92.0,1
467,2017,October,10,El Dorado,227.5,455.0,89.5,2
468,2017,October,10,Fresno,58.0,58.0,90.0,1
469,2017,October,10,Humboldt,20.0,20.0,93.0,1
470,2017,October,10,Kern,139.0,417.0,111.33333333333333,3
471,2017,October,10,Lake,798.0,2394.0,101.66666666666667,3
472,2017,October,10,Los Angeles,50.0,50.0,84.0,1
473,2017,October,10,Mariposa,17.0,17.0,98.0,1
474,2017,October,10,Mendocino,36523.0,36523.0,124.0,1
475,2017,October,10,Monterey,31.0,31.0,86.0,1
476,2017,October,10,Napa,18696.25,74785.0,115.75,4
477,2017,October,10,Nevada,305.3333333333333,916.0,112.66666666666667,3
478,2017,October,10,Orange,9217.0,9217.0,178.0,1
479,2017,October,10,Riverside,313.0,939.0,81.33333333333333,3
480,2017,October,10,San Bernardino,40.0,40.0,77.0,1
481,2017,October,10,San Diego,323.5,1294.0,84.5,4
482,2017,October,10,San Luis Obispo,46.333333333333336,139.0,87.0,3
483,2017,October,10,Santa Cruz,391.0,391.0,85.0,1
484,2017,October,10,Shasta,38.5,77.0,81.5,2
485,2017,October,10,Solano,12956.0,25912.0,111.0,2
486,2017,October,10,Sonoma,8546.714285714286,59827.0,117.28571428571429,7
487,2017,October,10,Stanislaus,13.0,13.0,83.0,1
488,2017,October,10,Tehama,74.66666666666667,224.0,88.66666666666667,3
489,2017,October,10,Trinity,148.0,148.0,87.0,1
490,2017,October,10,Ventura,86.0,86.0,77.0,1
491,2017,October,10,Yuba,9989.0,9989.0,124.0,1
492,2017,September,9,Alameda,88.5,177.0,151.5,2
493,2017,September,9,Butte,61.0,183.0,109.33333333333333,3
494,2017,September,9,Del Norte,40.0,40.0,119.0,1
495,2017,September,9,El Dorado,136.0,136.0,114.0,1
496,2017,September,9,Fresno,115.66666666666667,347.0,120.0,3
497,2017,September,9,Kern,679.5,1359.0,116.0,2
498,2017,September,9,Lake,93.0,279.0,121.33333333333333,3
499,2017,September,9,Los Angeles,7194.0,7194.0,130.0,1
500,2017,September,9,Madera,522.6666666666666,1568.0,117.33333333333333,3
501,2017,September,9,Mariposa,230.0,690.0,121.0,3
502,2017,September,9,Mendocino,146.0,146.0,112.0,1
503,2017,September,9,Monterey,43.0,43.0,120.0,1
504,2017,September,9,Orange,2662.0,2662.0,184.0,1
505,2017,September,9,Plumas,1327.0,2654.0,127.0,2
506,2017,September,9,Riverside,1289.6666666666667,3869.0,117.33333333333333,3
507,2017,September,9,San Diego,77.5,155.0,127.0,2
508,2017,September,9,San Luis Obispo,113.8,569.0,111.4,5
509,2017,September,9,San Mateo,50.0,50.0,120.0,1
510,2017,September,9,Santa Barbara,444.0,444.0,102.0,1
511,2017,September,9,Santa Clara,100.0,100.0,128.0,1
512,2017,September,9,Shasta,462.5,925.0,125.0,2
513,2017,September,9,Solano,55.0,55.0,108.0,1
514,2017,September,9,Stanislaus,1749.0,1749.0,128.0,1
515,2017,September,9,Trinity,13417.0,13417.0,119.0,1
516,2017,September,9,Tulare,18900.0,18900.0,104.0,1
517,2017,September,9,Tuolumne,39.0,39.0,188.0,1
518,2017,September,9,Yuba,26.0,26.0,105.0,1
519,2018,April,4,Fresno,30.0,30.0,266.0,1
520,2018,April,4,Humboldt,0.0,0.0,254.0,1
521,2018,April,4,Inyo,1065.0,1065.0,259.0,1
522,2018,April,4,Plumas,20.0,20.0,253.0,1
523,2018,April,4,Riverside,31.75,127.0,259.75,4
524,2018,August,8,Alameda,39.0,78.0,142.0,2
525,2018,August,8,Calaveras,213.0,426.0,151.5,2
526,2018,August,8,Contra Costa,30.0,30.0,140.0,1
527,2018,August,8,El Dorado,66.5,133.0,156.0,2
528,2018,August,8,Humboldt,3674.0,3674.0,141.0,1
529,2018,August,8,Kern,917.75,3671.0,143.5,4
530,2018,August,8,Kings,2995.0,2995.0,151.0,1
531,2018,August,8,Lake,81.5,163.0,129.0,2
532,2018,August,8,Madera,188.5,377.0,132.0,2
533,2018,August,8,Mariposa,22.0,22.0,153.0,1
534,2018,August,8,Mendocino,106.0,106.0,156.0,1
535,2018,August,8,Modoc,39387.0,39387.0,142.0,1
536,2018,August,8,Monterey,1462.5,2925.0,148.5,2
537,2018,August,8,Napa,10.0,10.0,148.0,1
538,2018,August,8,Nevada,16.0,16.0,145.0,1
539,2018,August,8,Orange,23136.0,23136.0,151.0,1
540,2018,August,8,Placer,695.0,695.0,156.0,1
541,2018,August,8,Plumas,117.0,117.0,150.0,1
542,2018,August,8,Riverside,27.2,136.0,137.2,5
543,2018,August,8,San Bernardino,125.0,125.0,126.0,1
544,2018,August,8,San Diego,121.33333333333333,364.0,147.66666666666666,3
545,2018,August,8,Santa Barbara,1014.0,1014.0,138.0,1
546,2018,August,8,Shasta,16068.333333333334,48205.0,144.66666666666666,3
547,2018,August,8,Solano,2162.0,2162.0,147.0,1
548,2018,August,8,Tulare,496.0,496.0,142.0,1
549,2018,August,8,Tuolumne,36450.0,36450.0,156.0,1
550,2018,February,2,Inyo,2070.0,2070.0,319.0,1
551,2018,February,2,Monterey,50.0,50.0,330.0,1
552,2018,July,7,Alameda,257.0,514.0,171.5,2
553,2018,July,7,Amador,825.0,825.0,182.0,1
554,2018,July,7,Butte,301.75,1207.0,176.75,4
555,2018,July,7,Colusa,39644.13888888889,118932.41666666667,168.66666666666666,3
556,2018,July,7,Contra Costa,116.0,348.0,176.33333333333334,3
557,2018,July,7,El Dorado,316.0,316.0,184.0,1
558,2018,July,7,Glenn,102550.75,102550.75,161.0,1
559,2018,July,7,Humboldt,16.0,16.0,173.0,1
560,2018,July,7,Inyo,1610.5,3221.0,168.5,2
561,2018,July,7,Kern,527.5,1055.0,170.5,2
562,2018,July,7,Lake,29746.854166666668,118987.41666666667,167.0,4
563,2018,July,7,Lassen,3176.8333333333335,19061.0,169.66666666666666,6
564,2018,July,7,Los Angeles,128.0,128.0,165.0,1
565,2018,July,7,Madera,11.5,23.0,178.5,2
566,2018,July,7,Mariposa,48470.5,96941.0,172.0,2
567,2018,July,7,Mendocino,23997.283333333333,119986.41666666667,165.8,5
568,2018,July,7,Modoc,1076.0,2152.0,174.5,2
569,2018,July,7,Napa,135.0,135.0,160.0,1
570,2018,July,7,Riverside,124.0,620.0,168.0,5
571,2018,July,7,San Benito,144.33333333333334,433.0,172.0,3
572,2018,July,7,San Bernardino,487.3333333333333,1462.0,179.66666666666666,3
573,2018,July,7,San Diego,187.83333333333334,1127.0,170.66666666666666,6
574,2018,July,7,San Luis Obispo,27.0,81.0,168.33333333333334,3
575,2018,July,7,Santa Barbara,100.0,300.0,173.33333333333334,3
576,2018,July,7,Santa Clara,115.4,577.0,173.4,5
577,2018,July,7,Shasta,23001.1,115005.5,141.8,5
578,2018,July,7,Siskiyou,9614.25,38457.0,178.5,4
579,2018,July,7,Sutter,1200.0,1200.0,157.0,1
580,2018,July,7,Tehama,313.0,939.0,175.33333333333334,3
581,2018,July,7,Trinity,114825.5,114825.5,38.0,1
582,2018,July,7,Tulare,67.0,134.0,165.0,2
583,2018,July,7,Yolo,822.0,822.0,170.0,1
584,2018,June,6,Alameda,20.0,20.0,201.0,1
585,2018,June,6,Amador,17.0,17.0,201.0,1
586,2018,June,6,Butte,132.5,530.0,196.75,4
587,2018,June,6,Calaveras,80.0,80.0,194.0,1
588,2018,June,6,Contra Costa,89.0,356.0,201.5,4
589,2018,June,6,Fresno,44.5,89.0,203.5,2
590,2018,June,6,Glenn,1208.5,2417.0,213.0,2
591,2018,June,6,Kern,95.0,95.0,189.0,1
592,2018,June,6,Lake,7606.0,15212.0,198.5,2
593,2018,June,6,Lassen,514.5,1029.0,197.5,2
594,2018,June,6,Los Angeles,402.25,1609.0,206.0,4
595,2018,June,6,Madera,1474.6666666666667,4424.0,208.0,3
596,2018,June,6,Marin,12.0,12.0,209.0,1
597,2018,June,6,Mariposa,84.0,168.0,201.5,2
598,2018,June,6,Merced,1254.0,5016.0,202.25,4
599,2018,June,6,Monterey,160.33333333333334,481.0,256.0,3
600,2018,June,6,Napa,45000.0,45000.0,188.0,1
601,2018,June,6,Orange,165.0,330.0,211.5,2
602,2018,June,6,Riverside,42.4,212.0,211.2,5
603,2018,June,6,Sacramento,30.0,30.0,189.0,1
604,2018,June,6,San Benito,428.2,2141.0,212.6,5
605,2018,June,6,San Bernardino,33.0,33.0,188.0,1
606,2018,June,6,San Diego,81.25,325.0,213.75,4
607,2018,June,6,San Joaquin,5925.5,11851.0,198.0,2
608,2018,June,6,San Luis Obispo,317.0,1902.0,201.83333333333334,6
609,2018,June,6,Santa Clara,70.0,70.0,189.0,1
610,2018,June,6,Shasta,1003.0,2006.0,194.5,2
611,2018,June,6,Siskiyou,37.333333333333336,112.0,206.66666666666666,3
612,2018,June,6,Sonoma,10.0,10.0,213.0,1
613,2018,June,6,Tehama,984.1428571428571,6889.0,204.42857142857142,7
614,2018,June,6,Trinity,300.0,300.0,190.0,1
615,2018,June,6,Tuolumne,163.0,163.0,194.0,1
616,2018,June,6,Yolo,22507.0,45014.0,202.5,2
617,2018,March,3,Santa Barbara,258.0,258.0,282.0,1
618,2018,March,3,Shasta,11.0,11.0,282.0,1
619,2018,May,5,Alameda,248.0,496.0,227.0,2
620,2018,May,5,Fresno,108.0,108.0,223.0,1
621,2018,May,5,Glenn,75.0,75.0,221.0,1
622,2018,May,5,Madera,56.0,56.0,226.0,1
623,2018,May,5,Merced,922.0,1844.0,238.0,2
624,2018,May,5,Napa,12.0,12.0,228.0,1
625,2018,May,5,Riverside,339.0,1356.0,235.75,4
626,2018,May,5,San Diego,97.25,389.0,237.75,4
627,2018,May,5,San Luis Obispo,62.5,125.0,222.5,2
628,2018,May,5,Santa Barbara,60.0,60.0,232.0,1
629,2018,May,5,Santa Clara,16.0,16.0,222.0,1
630,2018,May,5,Siskiyou,77.0,154.0,235.0,2
631,2018,May,5,Stanislaus,63.0,63.0,220.0,1
632,2018,May,5,Tehama,103.0,103.0,231.0,1
633,2018,May,5,Tulare,26.0,26.0,231.0,1
634,2018,November,11,Alameda,20.0,20.0,51.0,1
635,2018,November,11,Butte,76668.0,153336.0,26.5,2
636,2018,November,11,Contra Costa,20.0,20.0,50.0,1
637,2018,November,11,Humboldt,10.0,10.0,53.0,1
638,2018,November,11,Lassen,88.0,88.0,57.0,1
639,2018,November,11,Los Angeles,48474.5,48474.5,57.0,1
640,2018,November,11,Mendocino,35.0,35.0,57.0,1
641,2018,November,11,San Bernardino,147.0,147.0,52.0,1
642,2018,November,11,Santa Cruz,13.5,27.0,55.5,2
643,2018,November,11,Solano,1500.0,1500.0,57.0,1
644,2018,November,11,Tehama,60.0,60.0,60.0,1
645,2018,November,11,Ventura,13297.875,53191.5,54.25,4
646,2018,October,10,Butte,280.0,560.0,73.5,2
647,2018,October,10,Fresno,32.0,32.0,94.0,1
648,2018,October,10,Monterey,158.5,317.0,88.5,2
649,2018,October,10,San Luis Obispo,58.0,58.0,77.0,1
650,2018,October,10,Santa Clara,63.0,63.0,89.0,1
651,2018,October,10,Shasta,25.0,50.0,82.0,2
652,2018,October,10,Siskiyou,15.0,15.0,86.0,1
653,2018,October,10,Solano,160.0,160.0,84.0,1
654,2018,October,10,Tehama,3889.0,3889.0,89.0,1
655,2018,October,10,Tulare,120.0,120.0,72.0,1
656,2018,September,9,Butte,33.0,33.0,102.0,1
657,2018,September,9,El Dorado,81.0,162.0,114.0,2
658,2018,September,9,Kern,200.0,200.0,114.0,1
659,2018,September,9,Lake,30.0,60.0,123.5,2
660,2018,September,9,Lassen,53.0,53.0,104.0,1
661,2018,September,9,Los Angeles,1773.0,3546.0,110.5,2
662,2018,September,9,Madera,360.0,360.0,104.0,1
663,2018,September,9,Marin,152.0,152.0,116.0,1
664,2018,September,9,Modoc,15.0,15.0,124.0,1
665,2018,September,9,Mono,6974.0,6974.0,122.0,1
666,2018,September,9,Monterey,411.0,411.0,113.0,1
667,2018,September,9,Napa,2490.0,2490.0,118.0,1
668,2018,September,9,Placer,1120.0,1120.0,123.0,1
669,2018,September,9,Riverside,25.0,25.0,112.0,1
670,2018,September,9,San Bernardino,53.0,53.0,100.0,1
671,2018,September,9,San Luis Obispo,65.5,131.0,103.5,2
672,2018,September,9,Santa Barbara,172.0,172.0,125.0,1
673,2018,September,9,Santa Clara,30.0,30.0,103.0,1
674,2018,September,9,Shasta,10581.5,31744.5,113.66666666666667,3
675,2018,September,9,Tehama,261.0,261.0,98.0,1
676,2018,September,9,Trinity,16703.25,33406.5,121.5,2
677,2018,September,9,Tuolumne,573.0,573.0,118.0,1
678,2019,April,4,Butte,10.0,10.0,8.0,1
679,2019,April,4,Kern,115.0,115.0,8.0,1
680,2019,April,4,Kings,161.0,161.0,57.0,1
681,2019,August,8,Alameda,79.0,158.0,0.0,2
682,2019,August,8,Colusa,20.0,20.0,0.0,1
683,2019,August,8,Contra Costa,340.0,340.0,3.0,1
684,2019,August,8,El Dorado,25.5,51.0,0.5,2
685,2019,August,8,Kern,29.0,29.0,1.0,1
686,2019,August,8,Lake,20.0,20.0,3.0,1
687,2019,August,8,Lassen,1742.25,6969.0,4.0,4
688,2019,August,8,Los Angeles,156.0,156.0,2.0,1
689,2019,August,8,Mendocino,225.0,225.0,5.0,1
690,2019,August,8,Mexico,759.75,1519.5,2.0,2
691,2019,August,8,Modoc,103.0,103.0,0.0,1
692,2019,August,8,Riverside,48.0,240.0,0.4,5
693,2019,August,8,Sacramento,67.0,134.0,0.0,2
694,2019,August,8,San Bernardino,26.0,26.0,1.0,1
695,2019,August,8,San Diego,180.16666666666666,540.5,2.0,3
696,2019,August,8,Shasta,267.3333333333333,802.0,2.3333333333333335,3
697,2019,August,8,Solano,81.0,81.0,0.0,1
698,2019,August,8,State of Oregon,1301.0,1301.0,9.0,1
699,2019,August,8,Tuolumne,21.0,21.0,0.0,1
700,2019,August,8,Yolo,33.0,33.0,0.0,1
701,2019,January,1,Humboldt,30.0,30.0,14.0,1
702,2019,July,7,Alameda,23.5,47.0,0.0,2
703,2019,July,7,Calaveras,27.0,27.0,2.0,1
704,2019,July,7,Contra Costa,24.0,24.0,0.0,1
705,2019,July,7,El Dorado,13.0,13.0,1.0,1
706,2019,July,7,Lassen,228.0,456.0,1.5,2
707,2019,July,7,Madera,213.0,213.0,1.0,1
708,2019,July,7,Modoc,7172.5,14345.0,8.5,2
709,2019,July,7,Monterey,235.0,470.0,7.0,2
710,2019,July,7,Riverside,69.25,277.0,1.5,4
711,2019,July,7,San Diego,62.5,125.0,2.0,2
712,2019,July,7,San Joaquin,283.0,283.0,2.0,1
713,2019,July,7,San Luis Obispo,1010.0,1010.0,1.0,1
714,2019,July,7,Santa Barbara,100.0,100.0,8.0,1
715,2019,July,7,Santa Clara,60.5,121.0,0.0,2
716,2019,July,7,Shasta,30.0,30.0,1.0,1
717,2019,July,7,Stanislaus,118.5,237.0,0.5,2
718,2019,July,7,State of Nevada,1165.0,1165.0,3.0,1
719,2019,July,7,Ventura,131.0,131.0,1.0,1
720,2019,June,6,Alameda,30.0,30.0,3.0,1
721,2019,June,6,Butte,14.5,29.0,4.5,2
722,2019,June,6,Contra Costa,23.0,23.0,5.0,1
723,2019,June,6,Merced,210.0,210.0,3.0,1
724,2019,June,6,Monterey,1294.5,2589.0,3.0,2
725,2019,June,6,Napa,50.0,50.0,9.0,1
726,2019,June,6,Nevada,2.0,2.0,0.0,1
727,2019,June,6,Placer,87.5,175.0,2.5,2
728,2019,June,6,Riverside,244.66666666666666,734.0,1.3333333333333333,3
729,2019,June,6,San Diego,54.333333333333336,163.0,5.333333333333333,3
730,2019,June,6,San Luis Obispo,986.0,2958.0,6.333333333333333,3
731,2019,June,6,Santa Clara,87.33333333333333,262.0,3.3333333333333335,3
732,2019,June,6,Shasta,90.0,90.0,0.0,1
733,2019,June,6,Siskiyou,78.0,234.0,5.0,3
734,2019,June,6,Solano,24.0,24.0,10.0,1
735,2019,June,6,Stanislaus,1500.5,3001.0,3.0,2
736,2019,June,6,Sutter,1350.0,1350.0,9.0,1
737,2019,June,6,Tehama,46.0,46.0,2.0,1
738,2019,June,6,Tulare,103.4,517.0,5.8,5
739,2019,June,6,Yolo,2220.0,2220.0,9.0,1
740,2019,June,6,Yuba,76.66666666666667,230.0,3.0,3
741,2019,May,5,Butte,50.0,50.0,7.0,1
742,2019,May,5,Fresno,121.0,121.0,7.0,1
743,2019,May,5,Kern,1336.0,2672.0,3.5,2
744,2019,May,5,Placer,65.0,65.0,14.0,1
745,2019,May,5,Riverside,64.0,256.0,10.0,4
746,2019,May,5,San Diego,22.0,22.0,6.0,1
747,2019,May,5,San Luis Obispo,835.0,835.0,5.0,1
748,2019,May,5,Santa Clara,144.0,144.0,12.0,1
749,2019,May,5,Tehama,63.0,63.0,4.0,1
750,2019,November,11,Lake,75.0,75.0,1.0,1
751,2019,November,11,Riverside,19.0,19.0,0.0,1
752,2019,November,11,Santa Barbara,3126.0,3126.0,19.0,1
753,2019,November,11,Tehama,2534.0,2534.0,11.0,1
754,2019,October,10,Alameda,23.5,47.0,1.5,2
755,2019,October,10,Butte,80.0,80.0,0.0,1
756,2019,October,10,Contra Costa,110.0,440.0,0.75,4
757,2019,October,10,Fresno,137.0,137.0,1.0,1
758,2019,October,10,Glenn,63.0,63.0,1.0,1
759,2019,October,10,Lassen,55.0,55.0,3.0,1
760,2019,October,10,Los Angeles,3195.3333333333335,9586.0,13.0,3
761,2019,October,10,Mendocino,703.0,703.0,7.0,1
762,2019,October,10,Monterey,144.5,144.5,2.0,1
763,2019,October,10,Napa,526.0,526.0,1.0,1
764,2019,October,10,Riverside,244.16666666666666,1465.0,2.0,6
765,2019,October,10,San Bernardino,105.5,211.0,3.0,2
766,2019,October,10,San Diego,48.0,144.0,2.0,3
767,2019,October,10,San Luis Obispo,87.25,174.5,1.0,2
768,2019,October,10,San Mateo,62.0,62.0,3.0,1
769,2019,October,10,Santa Barbara,420.0,420.0,4.0,1
770,2019,October,10,Santa Clara,29.0,29.0,0.0,1
771,2019,October,10,Shasta,42.0,42.0,0.0,1
772,2019,October,10,Solano,140.0,140.0,1.0,1
773,2019,October,10,Sonoma,77758.0,77758.0,14.0,1
774,2019,October,10,Stanislaus,18.0,18.0,1.0,1
775,2019,October,10,Tehama,173.5,694.0,0.5,4
776,2019,October,10,Ventura,4191.333333333333,12574.0,3.3333333333333335,3
777,2019,September,9,Alameda,11.0,11.0,0.0,1
778,2019,September,9,Amador,10.0,10.0,0.0,1
779,2019,September,9,Butte,284.6666666666667,854.0,4.0,3
780,2019,September,9,El Dorado,53.5,107.0,1.5,2
781,2019,September,9,Inyo,6135.5,12271.0,76.0,2
782,2019,September,9,Lake,40.5,81.0,1.0,2
783,2019,September,9,Lassen,260.0,260.0,5.0,1
784,2019,September,9,Modoc,5737.0,5737.0,7.0,1
785,2019,September,9,Monterey,66.0,66.0,1.0,1
786,2019,September,9,Riverside,411.6666666666667,2470.0,3.1666666666666665,6
787,2019,September,9,San Benito,92.0,184.0,0.5,2
788,2019,September,9,San Bernardino,15.0,15.0,4.0,1
789,2019,September,9,San Diego,52.0,52.0,0.0,1
790,2019,September,9,San Joaquin,44.0,44.0,0.0,1
791,2019,September,9,San Luis Obispo,220.0,220.0,6.0,1
792,2019,September,9,Santa Barbara,200.0,200.0,5.0,1
793,2019,September,9,Santa Clara,128.0,128.0,3.0,1
794,2019,September,9,Santa Cruz,10.0,10.0,3.0,1
795,2019,September,9,Shasta,16.0,16.0,0.0,1
796,2019,September,9,Siskiyou,121.0,242.0,11.0,2
797,2019,September,9,Stanislaus,11.0,11.0,0.0,1
798,2019,September,9,Tehama,7084.0,14168.0,48.0,2
799,2019,September,9,Trinity,262.0,524.0,9.0,2
800,2019,September,9,Tuolumne,83.0,83.0,1.0,1
801,2019,September,9,Ventura,279.0,279.0,4.0,1
802,2020,April,4,Contra Costa,47.0,47.0,0.0,1
803,2020,April,4,Imperial,275.0,275.0,8.0,1
804,2020,April,4,Tehama,26.0,26.0,1.0,1
805,2020,August,8,Alameda,79324.8,79324.8,46.0,1
806,2020,August,8,Butte,110.0,110.0,0.0,1
807,2020,August,8,Calaveras,55.0,55.0,0.0,1
808,2020,August,8,Colusa,74040.57142857143,148081.14285714287,45.0,2
809,2020,August,8,Contra Costa,79324.8,79324.8,46.0,1
810,2020,August,8,El Dorado,25.0,50.0,1.0,2
811,2020,August,8,Fresno,594.0,594.0,16.0,1
812,2020,August,8,Glenn,39581.91071428572,158327.64285714287,35.75,4
813,2020,August,8,Humboldt,147521.14285714287,147521.14285714287,87.0,1
814,2020,August,8,Kern,2820.3333333333335,8461.0,5.333333333333333,3
815,2020,August,8,Lake,110082.57142857143,220165.14285714287,66.5,2
816,2020,August,8,Lassen,2578.0,7734.0,4.666666666666667,3
817,2020,August,8,Los Angeles,5189.142857142857,36324.0,27.142857142857142,7
818,2020,August,8,Madera,400.0,400.0,0.0,1
819,2020,August,8,Marin,4929.0,4929.0,45.0,1
820,2020,August,8,Mendocino,37145.03571428572,148580.14285714287,23.75,4
821,2020,August,8,Napa,72644.0,72644.0,46.0,1
822,2020,August,8,Nevada,705.0,705.0,11.0,1
823,2020,August,8,Placer,65.0,65.0,1.0,1
824,2020,August,8,Plumas,29570.0,29570.0,18.0,1
825,2020,August,8,Riverside,52.0,52.0,2.0,1
826,2020,August,8,Sacramento,512.0,512.0,1.0,1
827,2020,August,8,San Diego,45.0,45.0,2.0,1
828,2020,August,8,San Joaquin,79324.8,79324.8,46.0,1
829,2020,August,8,San Luis Obispo,570.0,2850.0,2.8,5
830,2020,August,8,San Mateo,43254.5,43254.5,37.0,1
831,2020,August,8,Santa Clara,39733.9,79467.8,25.5,2
832,2020,August,8,Santa Cruz,43254.5,43254.5,37.0,1
833,2020,August,8,Sierra,47029.0,47029.0,12.0,1
834,2020,August,8,Solano,72644.0,72644.0,46.0,1
835,2020,August,8,Sonoma,72644.0,72644.0,46.0,1
836,2020,August,8,Stanislaus,79324.8,79324.8,46.0,1
837,2020,August,8,Tehama,52669.880952380954,158009.64285714287,61.333333333333336,3
838,2020,August,8,Trinity,147521.14285714287,147521.14285714287,87.0,1
839,2020,August,8,Tuolumne,2857.0,2857.0,10.0,1
840,2020,August,8,Yolo,72644.0,72644.0,46.0,1
841,2020,August,8,Yuba,600.0,600.0,1.0,1
842,2020,December,12,Lassen,24.0,24.0,0.0,1
843,2020,December,12,Orange,6686.0,6686.0,8.0,1
844,2020,December,12,Riverside,1520.5,3041.0,6.0,2
845,2020,December,12,Ventura,174.0,174.0,1.0,1
846,2020,February,2,Glenn,105.5,105.5,7.0,1
847,2020,February,2,Lassen,57.0,57.0,0.0,1
848,2020,February,2,Mendocino,105.5,105.5,7.0,1
849,2020,February,2,Sierra,102.0,102.0,3.0,1
850,2020,February,2,Tehama,75.0,75.0,1.0,1
851,2020,July,7,Alameda,180.5,361.0,2.0,2
852,2020,July,7,Butte,31.5,63.0,1.5,2
853,2020,July,7,Colusa,81.5,163.0,1.5,2
854,2020,July,7,Contra Costa,75.0,75.0,0.0,1
855,2020,July,7,Fresno,29667.0,29667.0,13.0,1
856,2020,July,7,Humboldt,62.5,125.0,16.5,2
857,2020,July,7,Kern,2116.5,4233.0,1.5,2
858,2020,July,7,Lassen,16089.0,32178.0,26.5,2
859,2020,July,7,Los Angeles,678.5,2714.0,6.75,4
860,2020,July,7,Madera,247.66666666666666,743.0,2.0,3
861,2020,July,7,Mariposa,48.0,48.0,3.0,1
862,2020,July,7,Modoc,41630.5,41630.5,27.0,1
863,2020,July,7,Mono,120.0,120.0,22.0,1
864,2020,July,7,Riverside,100.33333333333333,602.0,1.1666666666666667,6
865,2020,July,7,Sacramento,396.0,792.0,0.5,2
866,2020,July,7,San Benito,1485.0,1485.0,3.0,1
867,2020,July,7,San Bernardino,109.25,437.0,2.5,4
868,2020,July,7,San Joaquin,150.0,150.0,0.0,1
869,2020,July,7,San Luis Obispo,1689.5,3379.0,3.0,2
870,2020,July,7,Santa Clara,1965.6666666666667,5897.0,3.3333333333333335,3
871,2020,July,7,Shasta,333.0,333.0,8.0,1
872,2020,July,7,Siskiyou,21093.75,42187.5,18.5,2
873,2020,July,7,Solano,75.0,75.0,3.0,1
874,2020,July,7,Yuba,500.0,500.0,0.0,1
875,2020,June,6,Butte,83.25,333.0,0.75,4
876,2020,June,6,Calaveras,1455.0,1455.0,4.0,1
877,2020,June,6,Contra Costa,100.0,100.0,1.0,1
878,2020,June,6,Fresno,276.0,552.0,14.5,2
879,2020,June,6,Kern,165.0,165.0,1.0,1
880,2020,June,6,Lassen,205.5,822.0,1.25,4
881,2020,June,6,Mariposa,138.0,276.0,3.0,2
882,2020,June,6,Mendocino,92.5,185.0,1.0,2
883,2020,June,6,Merced,2192.0,2192.0,5.0,1
884,2020,June,6,Mono,280.0,280.0,6.0,1
885,2020,June,6,Monterey,181.6,908.0,2.4,5
886,2020,June,6,Placer,63.0,189.0,0.0,3
887,2020,June,6,Riverside,49.666666666666664,298.0,1.6666666666666667,6
888,2020,June,6,Sacramento,5042.0,5042.0,5.0,1
889,2020,June,6,San Benito,813.0,813.0,5.0,1
890,2020,June,6,San Diego,430.0,1290.0,2.6666666666666665,3
891,2020,June,6,San Joaquin,89.0,89.0,1.0,1
892,2020,June,6,San Luis Obispo,409.0,2454.0,1.6666666666666667,6
893,2020,June,6,Santa Clara,126.0,126.0,3.0,1
894,2020,June,6,Shasta,15.0,15.0,0.0,1
895,2020,June,6,Solano,738.6666666666666,2216.0,1.6666666666666667,3
896,2020,June,6,Sonoma,124.0,248.0,1.5,2
897,2020,June,6,Stanislaus,141.0,282.0,0.5,2
898,2020,June,6,State of Nevada,2975.0,2975.0,9.0,1
899,2020,June,6,Trinity,62.0,62.0,24.0,1
900,2020,June,6,Tulare,465.6666666666667,1397.0,3.6666666666666665,3
901,2020,June,6,Tuolumne,10.0,10.0,16.0,1
902,2020,June,6,Ventura,551.5,1103.0,4.5,2
903,2020,March,3,Glenn,154.0,154.0,3.0,1
904,2020,May,5,Butte,17.0,17.0,0.0,1
905,2020,May,5,Kings,2060.0,2060.0,0.0,1
906,2020,May,5,Napa,20.0,20.0,1.0,1
907,2020,May,5,Riverside,40.0,80.0,0.0,2
908,2020,May,5,San Luis Obispo,5000.0,5000.0,1.0,1
909,2020,May,5,Santa Barbara,156.0,156.0,2.0,1
910,2020,November,11,Los Angeles,131.0,131.0,1.0,1
911,2020,October,10,Amador,21.0,21.0,2.0,1
912,2020,October,10,Butte,6.0,6.0,0.0,1
913,2020,October,10,Calaveras,21.0,21.0,2.0,1
914,2020,October,10,Contra Costa,30.0,30.0,1.0,1
915,2020,October,10,El Dorado,15.0,15.0,3.0,1
916,2020,October,10,Napa,61.0,61.0,2.0,1
917,2020,October,10,Orange,13215.0,26430.0,12.0,2
918,2020,October,10,Sacramento,20.0,20.0,1.0,1
919,2020,October,10,San Bernardino,170.0,170.0,1.0,1
920,2020,October,10,Shasta,5.0,5.0,0.0,1
921,2020,October,10,Yuba,56.0,56.0,0.0,1
922,2020,September,9,Amador,48.0,48.0,3.0,1
923,2020,September,9,Fresno,1185.0,1185.0,58.0,1
924,2020,September,9,Lake,13.0,13.0,1.0,1
925,2020,September,9,Los Angeles,230.0,230.0,2.0,1
926,2020,September,9,Mendocino,1100.0,1100.0,7.0,1
927,2020,September,9,Napa,33742.0,33742.0,23.0,1
928,2020,September,9,Riverside,5913.0,11826.0,36.5,2
929,2020,September,9,San Bernardino,11372.0,11372.0,72.0,1
930,2020,September,9,San Diego,16390.0,16390.0,19.0,1
931,2020,September,9,Santa Barbara,111.0,111.0,2.0,1
932,2020,September,9,Shasta,28169.0,28169.0,16.0,1
933,2020,September,9,Siskiyou,761.0,2283.0,10.666666666666666,3
934,2020,September,9,Sonoma,33742.0,33742.0,23.0,1
935,2020,September,9,Stanislaus,45.0,45.0,1.0,1
936,2020,September,9,Tehama,28169.0,28169.0,16.0,1
937,2020,September,9,Yuba,1311.0,1311.0,5.0,1
938,2021,April,4,Lake,65.0,65.0,2.0,1
939,2021,April,4,Los Angeles,650.0,650.0,5.0,1
940,2021,April,4,Mendocino,200.0,200.0,6.0,1
941,2021,April,4,Merced,93.0,93.0,0.0,1
942,2021,April,4,San Diego,28.0,28.0,1.0,1
943,2021,April,4,Shasta,35.0,35.0,0.0,1
944,2021,April,4,Sutter,80.0,80.0,12.0,1
945,2021,April,4,Ventura,25.0,25.0,1.0,1
946,2021,August,8,Alpine,73945.0,73945.0,68.0,1
947,2021,August,8,Amador,73945.0,73945.0,68.0,1
948,2021,August,8,Calaveras,639.0,639.0,10.0,1
949,2021,August,8,El Dorado,73945.0,73945.0,68.0,1
950,2021,August,8,Humboldt,1218.5,2437.0,12.0,2
951,2021,August,8,Lake,105.0,210.0,3.5,2
952,2021,August,8,Los Angeles,50.0,50.0,13.0,1
953,2021,August,8,Mendocino,50.0,50.0,5.0,1
954,2021,August,8,Nevada,1309.5,1309.5,9.0,1
955,2021,August,8,Placer,1309.5,1309.5,9.0,1
956,2021,August,8,Riverside,389.5,1168.5,3.3333333333333335,3
957,2021,August,8,San Bernardino,263.6666666666667,791.0,5.666666666666667,3
958,2021,August,8,San Diego,713.5,713.5,4.0,1
959,2021,August,8,Shasta,35.0,140.0,3.0,4
960,2021,August,8,Siskiyou,120297.0,240594.0,75.5,2
961,2021,August,8,Tulare,8777.0,8777.0,32.0,1
962,2021,August,8,Tuolumne,100.0,100.0,6.0,1
963,2021,August,8,Yuba,184.0,184.0,10.0,1
964,2021,January,1,Kern,865.0,865.0,1.0,1
965,2021,January,1,Los Angeles,184.0,184.0,3.0,1
966,2021,January,1,Riverside,43.0,43.0,1.0,1
967,2021,January,1,Santa Cruz,28.5,57.0,3.0,2
968,2021,January,1,Ventura,250.0,250.0,1.0,1
969,2021,July,7,Alpine,68637.0,68637.0,113.0,1
970,2021,July,7,Butte,192661.8,192661.8,104.0,1
971,2021,July,7,Calaveras,153.0,153.0,2.0,1
972,2021,July,7,Contra Costa,128.0,128.0,0.0,1
973,2021,July,7,Fresno,75.0,75.0,1.0,1
974,2021,July,7,Kern,1084.5,2169.0,12.5,2
975,2021,July,7,Lassen,96358.4,192716.8,54.0,2
976,2021,July,7,Los Angeles,604.0,1208.0,4.5,2
977,2021,July,7,Marin,35.0,35.0,1.0,1
978,2021,July,7,Mariposa,9656.0,9656.0,8.0,1
979,2021,July,7,Mendocino,80.0,80.0,2.0,1
980,2021,July,7,Merced,92.0,92.0,0.0,1
981,2021,July,7,Modoc,560.5,1121.0,8.0,2
982,2021,July,7,Mono,2965.0,2965.0,18.0,1
983,2021,July,7,Monterey,171.0,171.0,3.0,1
984,2021,July,7,Plumas,99472.26666666666,298416.8,64.66666666666667,3
985,2021,July,7,San Diego,86.0,86.0,7.0,1
986,2021,July,7,Shasta,116773.06666666667,233546.13333333333,76.0,2
987,2021,July,7,Siskiyou,50018.25,100036.5,46.0,2
988,2021,July,7,Tehama,58408.03333333333,233632.13333333333,39.25,4
989,2021,July,7,Trinity,121229.2777777778,363687.8333333334,74.66666666666667,3
990,2021,July,7,Tulare,242.0,484.0,3.0,2
991,2021,July,7,Yuba,45.0,45.0,2.0,1
992,2021,June,6,Alpine,1320.0,1320.0,35.0,1
993,2021,June,6,Butte,239.0,478.0,7.0,2
994,2021,June,6,El Dorado,10.5,21.0,0.5,2
995,2021,June,6,Fresno,208.5,417.0,5.0,2
996,2021,June,6,Inyo,576.0,1152.0,11.5,2
997,2021,June,6,Kern,750.6666666666666,2252.0,2.3333333333333335,3
998,2021,June,6,Lake,42.0,42.0,0.0,1
999,2021,June,6,Madera,42.5,85.0,1.5,2
1000,2021,June,6,Modoc,357.0,714.0,5.5,2
1001,2021,June,6,Monterey,2877.0,2877.0,23.0,1
1002,2021,June,6,Placer,42.0,42.0,0.0,1
1003,2021,June,6,Riverside,94.85714285714286,664.0,2.0,7
1004,2021,June,6,San Benito,145.0,145.0,1.0,1
1005,2021,June,6,San Bernardino,142.5,285.0,2.5,2
1006,2021,June,6,San Diego,479.5,1918.0,3.0,4
1007,2021,June,6,Santa Clara,36.0,72.0,0.0,2
1008,2021,June,6,Shasta,4509.666666666667,13529.0,10.0,3
1009,2021,June,6,Siskiyou,12369.0,37107.0,31.0,3
1010,2021,June,6,Tehama,165.0,165.0,9.0,1
1011,2021,June,6,Tulare,692.0,2076.0,6.333333333333333,3
1012,2021,June,6,Yolo,34.0,34.0,1.0,1
1013,2021,June,6,Yuba,150.0,150.0,1.0,1
1014,2021,March,3,Kern,86.0,86.0,6.0,1
1015,2021,March,3,Siskiyou,873.0,873.0,2.0,1
1016,2021,May,5,Butte,550.0,550.0,0.0,1
1017,2021,May,5,Calaveras,118.0,118.0,0.0,1
1018,2021,May,5,El Dorado,45.0,45.0,2.0,1
1019,2021,May,5,Humboldt,25.0,25.0,16.0,1
1020,2021,May,5,Lassen,29.0,29.0,1.0,1
1021,2021,May,5,Los Angeles,648.0,1944.0,7.333333333333333,3
1022,2021,May,5,Madera,45.0,45.0,3.0,1
1023,2021,May,5,Mariposa,197.0,197.0,4.0,1
1024,2021,May,5,Mendocino,18.0,18.0,3.0,1
1025,2021,May,5,Merced,97.0,97.0,1.0,1
1026,2021,May,5,Riverside,138.0,690.0,1.2,5
1027,2021,May,5,Sacramento,44.0,44.0,0.0,1
1028,2021,May,5,San Diego,5366.0,5366.0,4.0,1
1029,2021,May,5,Stanislaus,508.0,508.0,1.0,1
1030,2021,May,5,Yuba,35.0,35.0,0.0,1
1031,2021,November,11,Riverside,24.0,24.0,11.0,1
1032,2021,October,10,Kings,447.0,447.0,1.0,1
1033,2021,October,10,Modoc,200.0,200.0,1.0,1
1034,2021,October,10,Napa,132.0,132.0,1.0,1
1035,2021,October,10,San Joaquin,150.0,150.0,0.0,1
1036,2021,October,10,Santa Barbara,16970.0,16970.0,40.0,1
1037,2021,October,10,Tehama,24.0,24.0,1.0,1
1038,2021,October,10,Trinity,69.5,139.0,3.5,2
1039,2021,September,9,Amador,46.0,46.0,2.0,1
1040,2021,September,9,Los Angeles,464.0,464.0,6.0,1
1041,2021,September,9,Madera,42.0,42.0,0.0,1
1042,2021,September,9,Mendocino,257.0,257.0,8.0,1
1043,2021,September,9,Napa,58.0,58.0,1.0,1
1044,2021,September,9,Placer,411.0,411.0,9.0,1
1045,2021,September,9,San Bernardino,71.0,71.0,1.0,1
1046,2021,September,9,San Diego,54.0,54.0,4.0,1
1047,2021,September,9,Santa Barbara,70.0,70.0,2.0,1
1048,2021,September,9,Shasta,8578.0,8578.0,10.0,1
1049,2021,September,9,Sonoma,58.0,58.0,1.0,1
1050,2022,April,4,Riverside,15.0,15.0,1.0,1
1051,2022,April,4,Shasta,10.0,10.0,3.0,1
1052,2022,August,8,Alameda,58.0,58.0,0.0,1
1053,2022,August,8,Humboldt,25.5,51.0,2.0,2
1054,2022,August,8,Kern,250.0,250.0,3.0,1
1055,2022,August,8,Lassen,14.0,14.0,7.0,1
1056,2022,August,8,Los Angeles,1791.3333333333333,5374.0,5.333333333333333,3
1057,2022,August,8,Nevada,46.0,92.0,5.5,2
1058,2022,August,8,Placer,19244.0,19244.0,16.0,1
1059,2022,August,8,Siskiyou,34.0,34.0,5.0,1
1060,2022,August,8,Tulare,226.0,452.0,8.5,2
1061,2022,August,8,Tuolumne,51.0,51.0,1.0,1
1062,2022,February,2,Inyo,4136.0,4136.0,10.0,1
1063,2022,July,7,Alameda,121.0,121.0,1.0,1
1064,2022,July,7,El Dorado,20.0,20.0,2.0,1
1065,2022,July,7,Fresno,52.0,52.0,2.0,1
1066,2022,July,7,Mariposa,4886.0,4886.0,392.0,1
1067,2022,July,7,Mendocino,26.666666666666668,80.0,2.3333333333333335,3
1068,2022,July,7,Monterey,138.0,138.0,1.0,1
1069,2022,July,7,Placer,38.0,38.0,1.0,1
1070,2022,July,7,San Benito,104.0,104.0,6.0,1
1071,2022,July,7,San Bernardino,28.0,28.0,2.0,1
1072,2022,July,7,San Diego,68.5,137.0,1.5,2
1073,2022,July,7,Shasta,304.0,304.0,5.0,1
1074,2022,July,7,Siskiyou,59.666666666666664,179.0,6.666666666666667,3
1075,2022,July,7,Tehama,60.0,60.0,3.0,1
1076,2022,July,7,Tuolumne,64.0,64.0,1.0,1
1077,2022,July,7,Yuba,50.333333333333336,151.0,5.333333333333333,3
1078,2022,June,6,Alameda,552.0,552.0,365.0,1
1079,2022,June,6,Butte,60.0,120.0,1.0,2
1080,2022,June,6,Contra Costa,90.0,90.0,0.0,1
1081,2022,June,6,Kern,1508.5,3017.0,4.0,2
1082,2022,June,6,Merced,349.0,349.0,1.0,1
1083,2022,June,6,Nevada,904.0,904.0,7.0,1
1084,2022,June,6,Riverside,85.0,170.0,4.0,2
1085,2022,June,6,San Bernardino,480.0,960.0,189.5,2
1086,2022,June,6,San Diego,67.5,135.0,2.0,2
1087,2022,June,6,San Luis Obispo,36.0,36.0,1.0,1
1088,2022,June,6,Santa Cruz,20.0,20.0,5.0,1
1089,2022,June,6,Sonoma,63.0,63.0,0.0,1
1090,2022,June,6,Tehama,346.5,693.0,5.5,2
1091,2022,March,3,Santa Barbara,120.0,120.0,5.0,1
1092,2022,March,3,Siskiyou,61.5,123.0,2.0,2
1093,2022,March,3,Sonoma,21.0,21.0,5.0,1
1094,2022,May,5,Colusa,595.0,595.0,4.0,1
1095,2022,May,5,Mendocino,36.0,36.0,2.0,1
1096,2022,May,5,Napa,570.0,570.0,5.0,1
1097,2022,May,5,Orange,200.0,200.0,6.0,1
1098,2022,May,5,Riverside,1987.3333333333333,5962.0,125.33333333333333,3
1099,2022,May,5,San Bernardino,431.0,431.0,4.0,1
1100,2022,May,5,San Luis Obispo,48.0,48.0,0.0,1
1101,2022,May,5,Tulare,25.0,25.0,0.0,1
1102,2022,October,10,Inyo,50.0,50.0,2.0,1
1103,2022,September,9,El Dorado,38394.0,38394.0,46.0,1
1104,2022,September,9,Madera,819.0,819.0,7.0,1
1105,2022,September,9,Modoc,5843.0,5843.0,21.0,1
1106,2022,September,9,Placer,19202.5,38405.0,27.5,2
1107,2022,September,9,San Bernardino,1079.0,1079.0,25.0,1
1108,2022,September,9,San Diego,30.0,30.0,1.0,1
1109,2022,September,9,San Luis Obispo,16.0,16.0,0.0,1
1110,2022,September,9,Siskiyou,2118.0,4236.0,9.0,2
1111,2022,September,9,Tehama,160.0,160.0,8.0,1
1112,2023,August,8,Butte,68.0,68.0,0.0,1
1113,2023,August,8,Del Norte,95107.0,95107.0,94.0,1
1114,2023,August,8,Glenn,109.0,109.0,0.0,1
1115,2023,August,8,Humboldt,50198.0,50198.0,70.0,1
1116,2023,August,8,Kern,1344.0,8064.0,3.5,6
1117,2023,August,8,Riverside,297.5,595.0,0.5,2
1118,2023,August,8,San Benito,75.0,75.0,1.0,1
1119,2023,August,8,San Bernardino,93078.0,93078.0,18.0,1
1120,2023,August,8,San Diego,325.0,650.0,2.5,2
1121,2023,August,8,San Luis Obispo,693.0,693.0,1.0,1
1122,2023,August,8,Santa Barbara,5464.0,5464.0,11.0,1
1123,2023,August,8,Santa Clara,72.0,72.0,7.0,1
1124,2023,August,8,Shasta,28.0,28.0,2.0,1
1125,2023,August,8,Siskiyou,11304.5,22609.0,46.0,2
1126,2023,August,8,Tehama,473.0,473.0,6.0,1
1127,2023,August,8,Trinity,4063.5,8127.0,62.5,2
1128,2023,August,8,Tulare,301.0,301.0,0.0,1
1129,2023,December,12,Kern,181.0,181.0,0.0,1
1130,2023,December,12,Riverside,65.0,65.0,2.0,1
1131,2023,December,12,San Diego,31.5,63.0,1.0,2
1132,2023,December,12,Ventura,2715.0,2715.0,3.0,1
1133,2023,July,7,Alameda,80.0,80.0,1.0,1
1134,2023,July,7,Butte,65.0,65.0,8.0,1
1135,2023,July,7,Calaveras,105.0,105.0,1.0,1
1136,2023,July,7,Colusa,22.0,22.0,3.0,1
1137,2023,July,7,Fresno,15.0,15.0,1.0,1
1138,2023,July,7,Glenn,89.0,89.0,2.0,1
1139,2023,July,7,Kern,1044.0,1044.0,4.0,1
1140,2023,July,7,Los Angeles,168.33333333333334,505.0,5.0,3
1141,2023,July,7,Monterey,196.0,196.0,1.0,1
1142,2023,July,7,Riverside,745.8125,11933.0,2.8125,16
1143,2023,July,7,San Benito,296.0,296.0,3.0,1
1144,2023,July,7,San Bernardino,34.0,34.0,1.0,1
1145,2023,July,7,San Diego,64.0,64.0,3.0,1
1146,2023,July,7,San Luis Obispo,148.0,296.0,2.0,2
1147,2023,June,6,Contra Costa,74.0,74.0,0.0,1
1148,2023,June,6,Fresno,209.25,837.0,0.75,4
1149,2023,June,6,Kern,25.0,25.0,0.0,1
1150,2023,June,6,Lake,21.0,21.0,2.0,1
1151,2023,June,6,Monterey,72.0,72.0,1.0,1
1152,2023,June,6,Napa,103.0,103.0,3.0,1
1153,2023,June,6,Riverside,68.0,68.0,2.0,1
1154,2023,June,6,San Bernardino,589.0,1178.0,5.0,2
1155,2023,June,6,Tehama,32.0,32.0,1.0,1
1156,2023,June,6,Tulare,135.0,135.0,1.0,1
1157,2023,June,6,Tuolumne,37.0,37.0,2.0,1
1158,2023,June,6,Yuba,59.0,59.0,2.0,1
1159,2023,May,5,Fresno,123.0,123.0,0.0,1
1160,2023,May,5,Riverside,237.5,475.0,3.0,2
1161,2023,November,11,Riverside,15.0,15.0,0.0,1
1162,2023,November,11,San Diego,39.0,39.0,5.0,1
1163,2023,November,11,Santa Barbara,211.0,211.0,4.0,1
1164,2023,October,10,Riverside,2487.0,2487.0,8.0,1
1165,2023,October,10,San Diego,24.0,24.0,1.0,1
1166,2023,October,10,San Luis Obispo,183.5,367.0,2.5,2
1167,2023,October,10,Solano,36.0,36.0,3.0,1
1168,2023,September,9,Calaveras,32.0,32.0,2.0,1
1169,2023,September,9,Kern,55.0,55.0,1.0,1
1170,2023,September,9,Lake,28.0,28.0,5.0,1
1171,2023,September,9,Napa,14.0,14.0,1.0,1
